{"cameraMode":{"drawMode":0,"name":"Shaded","section":"Shading Mode"},"sceneLighting":false,"audioPlay":false,"sceneViewState":{"m_AlwaysRefresh":false,"showFog":true,"showSkybox":false,"showFlares":true,"showImageEffects":true,"showParticleSystems":true,"showVisualEffectGraphs":true,"m_FxEnabled":true},"in2DMode":false,"pivot":{"x":6.136804580688477,"y":2.4961814880371095,"z":62.10425567626953},"rotation":{"x":-0.23134885728359223,"y":-0.15881992876529694,"z":0.038300637155771258,"w":-0.9590641856193543},"size":2.302704334259033,"orthographic":false}