{"cameraMode":{"drawMode":0,"name":"Shaded","section":"Shading Mode"},"sceneLighting":true,"audioPlay":false,"sceneViewState":{"m_AlwaysRefresh":false,"showFog":true,"showSkybox":true,"showFlares":true,"showImageEffects":true,"showParticleSystems":true,"showVisualEffectGraphs":true,"m_FxEnabled":true},"in2DMode":false,"pivot":{"x":395.9311218261719,"y":214.14537048339845,"z":-153.0309600830078},"rotation":{"x":-0.010793687775731087,"y":0.03059214912354946,"z":-0.000345150736393407,"w":-0.9994957447052002},"size":152.89874267578126,"orthographic":false}