{"cameraMode":{"drawMode":0,"name":"Shaded","section":"Shading Mode"},"sceneLighting":false,"audioPlay":false,"sceneViewState":{"m_AlwaysRefresh":false,"showFog":true,"showSkybox":false,"showFlares":true,"showImageEffects":true,"showParticleSystems":true,"showVisualEffectGraphs":true,"m_FxEnabled":true},"in2DMode":false,"pivot":{"x":-1.1272780895233155,"y":3.6722357273101808,"z":-31.695022583007814},"rotation":{"x":-0.04297323897480965,"y":-0.9565666913986206,"z":0.18773652613162995,"w":-0.21892781555652619},"size":3.0124359130859377,"orthographic":false}