{"cameraMode":{"drawMode":0,"name":"Shaded","section":"Shading Mode"},"sceneLighting":false,"audioPlay":false,"sceneViewState":{"m_AlwaysRefresh":false,"showFog":true,"showSkybox":false,"showFlares":true,"showImageEffects":true,"showParticleSystems":true,"showVisualEffectGraphs":true,"m_FxEnabled":true},"in2DMode":false,"pivot":{"x":-9.346728324890137,"y":2.9396510124206545,"z":-41.152915954589847},"rotation":{"x":0.01800389587879181,"y":-0.9457449913024902,"z":0.05310281738638878,"w":0.3201451897621155},"size":10.626825332641602,"orthographic":false}