{"cameraMode":{"drawMode":0,"name":"Shaded","section":"Shading Mode"},"sceneLighting":false,"audioPlay":false,"sceneViewState":{"m_AlwaysRefresh":false,"showFog":true,"showSkybox":false,"showFlares":true,"showImageEffects":true,"showParticleSystems":true,"showVisualEffectGraphs":true,"m_FxEnabled":true},"in2DMode":false,"pivot":{"x":-4.1338067054748539,"y":2.9710826873779299,"z":-30.989431381225587},"rotation":{"x":0.02503768727183342,"y":0.9681276679039002,"z":-0.22463907301425935,"w":0.10790583491325379},"size":4.298566818237305,"orthographic":false}